rank,layer_name,onnx_node_name,tflite_tensor_idx,block_name,operator_type,semantic_category,weight_params,weight_mae,weight_rmse,weight_cosine,weight_quant_type,activation_mae,activation_rmse,activation_cosine,activation_scale,activation_zero_point,clipping_rate,sensitivity_score,recommendation
1,features/features.11/block/block.2/fc2/Conv,/features/features.11/block/block.2/fc2/Conv,325,features.11,Conv,se_fc2,82944,0.06817849908098268,0.0884491617030215,0.9999640934439785,per-channel,2.361626958847046,2.4458894777297973,-0.44922685734927653,0.005894026719033718,-43,0.0005902777777777778,0.8797569520286928,QAT CANDIDATE
2,features/features.10/block/block.2/fc2/Conv,/features/features.10/block/block.2/fc2/Conv,305,features.10,Conv,se_fc2,82944,0.06307850893802494,0.08366886735781622,0.9999600464288809,per-channel,2.364416174888611,2.450220136642456,-0.35529756784439087,0.005884097423404455,-43,0.0018055555555555555,0.8423075734075357,QAT CANDIDATE
3,features/features.6/block/block.2/fc2/Conv,/features/features.6/block/block.2/fc2/Conv,226,features.6,Conv,se_fc2,15360,0.08216896256653333,0.11938969375994968,0.9999619692524616,per-channel,1.7845873403549195,1.9565550374984741,-0.2001832379028201,0.006566463503986597,-25,0.004583333333333333,0.780539234643969,QAT CANDIDATE
4,features/features.8/block/block.2/fc2/Conv,/features/features.8/block/block.2/fc2/Conv,265,features.8,Conv,se_fc2,5760,0.10376555065357643,0.13913371724762474,0.999981195956537,per-channel,1.8926917386054993,2.0613762617111204,-0.12279827564954758,0.004899199586361647,-77,0.008472222222222223,0.7499702932907338,QAT CANDIDATE
5,features/features.9/block/block.2/fc2/Conv,/features/features.9/block/block.2/fc2/Conv,286,features.9,Conv,se_fc2,20736,0.07311339081642607,0.09852432012667739,0.9999720021187934,per-channel,1.5451039695739746,1.7201724338531494,0.024083161104936152,0.006545547861605883,-26,0.02236111111111111,0.6926084462453781,QAT CANDIDATE
6,features/features.1/block/block.1/fc2/Conv,/features/features.1/block/block.1/fc2/Conv,159,features.1,Conv,se_fc2,128,0.00021061136524349802,0.0006334450135293465,1.0,per-channel,0.5814943313598633,0.7156714200973511,0.21500812470912933,0.002851215424016118,-128,0.0625,0.6202467501163483,QAT CANDIDATE
7,features/features.5/block/block.2/fc2/Conv,/features/features.5/block/block.2/fc2/Conv,206,features.5,Conv,se_fc2,15360,0.08885009759593968,0.13506960978064345,0.9999578418805701,per-channel,1.9572524261474609,2.2637323427200315,0.245786005333066,0.012921774759888649,50,0.024666666666666667,0.6041606961573263,QAT CANDIDATE
8,classifier/classifier.1/Mul,/classifier/classifier.1/Mul,347,classifier,Mul,hardswish,0,0.0,0.0,1.0,N/A,0.6192343974113464,0.9708755433559417,0.40749579921364787,0.034586455672979355,-117,0.12599609375,0.5496012896895409,QAT CANDIDATE
9,features/features.5/block/block.1/block.1.2/Mul,/features/features.5/block/block.1/block.1.2/Mul,203,features.5,Mul,hardswish,0,0.0,0.0,1.0,N/A,0.32138919532299043,0.6607487934827805,0.44299022704362867,0.11667858064174652,-125,0.26186588541666667,0.5489904977242152,QAT CANDIDATE
10,features/features.11/block/block.3/block.3.0/Conv,/features/features.11/block/block.3/block.3.0/Conv,329,features.11,Conv,project_conv,55296,0.002464800551435872,0.0029413514468070133,0.9999647361366654,per-channel,0.6307761460542679,0.83995421230793,0.39247812937945126,0.07532671838998795,1,0.0,0.5430158010208864,QAT CANDIDATE
11,features/features.12/features.12.2/Mul,/features/features.12/features.12.2/Mul,336,features.12,Mul,hardswish,0,0.0,0.0,1.0,N/A,0.6655240947008133,1.1777683866024018,0.43756150037050245,0.10103557258844376,-124,0.09778862847222222,0.5347542626990212,QAT CANDIDATE
12,features/features.5/block/block.3/block.3.0/Conv,/features/features.5/block/block.3/block.3.0/Conv,210,features.5,Conv,project_conv,9600,0.003554367843426765,0.0043733738918494604,0.999955906580817,per-channel,0.629824258685112,0.8388610875606537,0.4434540406614542,0.08470979332923889,-8,0.0,0.522627202419255,QAT CANDIDATE
13,features/features.11/block/block.1/block.1.2/Mul,/features/features.11/block/block.1/block.1.2/Mul,322,features.11,Mul,hardswish,0,0.0,0.0,1.0,N/A,0.30639945447444916,0.5489517146348953,0.48992799878120424,0.06286494433879852,-122,0.16792100694444445,0.5208209011819628,QAT CANDIDATE
14,features/features.11/Add,/features/features.11/Add,330,features.11,Add,residual_add,0,0.0,0.0,1.0,N/A,0.9259289884567261,1.1980307924747466,0.4666824595630169,0.07532671838998795,1,0.0,0.5133270161747933,QAT CANDIDATE
15,features/features.10/block/block.3/block.3.0/Conv,/features/features.10/block/block.3/block.3.0/Conv,309,features.10,Conv,project_conv,55296,0.0017933593364131263,0.0021578246011448345,0.9999663988759591,per-channel,0.38599166929721834,0.5060083574056625,0.4739804095029831,0.03900027647614479,0,0.0,0.5104145564236149,QAT CANDIDATE
16,features/features.6/block/block.1/block.1.2/Mul,/features/features.6/block/block.1/block.1.2/Mul,223,features.6,Mul,hardswish,0,0.0,0.0,1.0,N/A,0.29877896219491956,0.5716681200265884,0.5420068597793579,0.07254134118556976,-123,0.24375130208333334,0.5075723862965902,QAT CANDIDATE
17,features/features.11/block/block.2/Mul,/features/features.11/block/block.2/Mul,328,features.11,Mul,se_gate,0,0.0,0.0,1.0,N/A,0.04927615117281675,0.0958666530996561,0.4956052803993225,0.026286642998456955,-114,0.0005967881944444445,0.5018175666597154,MIXED-PRECISION CANDIDATE
18,features/features.10/block/block.1/block.1.2/Mul,/features/features.10/block/block.1/block.1.2/Mul,302,features.10,Mul,hardswish,0,0.0,0.0,1.0,N/A,0.2879162883758545,0.4961678808927536,0.5420044898986817,0.04629151150584221,-120,0.18379557291666668,0.501577761332194,QAT CANDIDATE
19,features/features.10/Add,/features/features.10/Add,310,features.10,Add,residual_add,0,0.0,0.0,1.0,N/A,0.5958991074562072,0.7607168120145797,0.5100684458017349,0.03900027647614479,0,0.0,0.495972621679306,QAT CANDIDATE
20,classifier/classifier.0/Gemm,/classifier/classifier.0/Gemm,342,classifier,Gemm,classifier_fc,589824,0.0009246322022547786,0.001091352746804392,0.9999626968745139,per-channel,1.4894605791568756,1.8742552852630616,0.511332888007164,0.07731526345014572,18,0.0,0.4954743054222316,MIXED-PRECISION CANDIDATE
21,features/features.8/Add,/features/features.8/Add,270,features.8,Add,residual_add,0,0.0,0.0,1.0,N/A,0.8423416304588318,1.075110080242157,0.515719302892685,0.06506846845149994,-15,0.0,0.493712278842926,QAT CANDIDATE
22,features/features.9/block/block.3/block.3.0/Conv,/features/features.9/block/block.3/block.3.0/Conv,290,features.9,Conv,project_conv,27648,0.0018090617767547476,0.002127012151637099,0.9999696084058987,per-channel,0.441354895234108,0.5650656938552856,0.5193999683856965,0.028577987104654312,-7,0.0,0.4922460909645417,QAT CANDIDATE
23,features/features.11/block/block.2/avgpool/GlobalAveragePool,/features/features.11/block/block.2/avgpool/GlobalAveragePool,323,features.11,GlobalAveragePool,se_pool,0,0.0,0.0,1.0,N/A,0.2120075112581253,0.32590504437685014,0.5303672134876252,0.019200969487428665,-109,0.009270833333333334,0.4887801979382833,QAT CANDIDATE
24,features/features.8/block/block.1/block.1.2/Mul,/features/features.8/block/block.1/block.1.2/Mul,262,features.8,Mul,hardswish,0,0.0,0.0,1.0,N/A,0.26466026067733767,0.4683925408124924,0.5756270945072174,0.06029113754630089,-122,0.18455078125,0.48820424032211307,QAT CANDIDATE
25,features/features.7/block/block.3/block.3.0/Conv,/features/features.7/block/block.3/block.3.0/Conv,250,features.7,Conv,project_conv,5760,0.0010885901448780544,0.0012938623309968827,0.9999687214440911,per-channel,0.6980907732248306,0.8983792960643768,0.5302118784189225,0.057313013821840286,-12,0.0,0.4879215043436128,QAT CANDIDATE
26,features/features.8/block/block.3/block.3.0/Conv,/features/features.8/block/block.3/block.3.0/Conv,269,features.8,Conv,project_conv,6912,0.002900500559130558,0.0037388505448803237,0.9999733516604417,per-channel,0.408035050034523,0.5719671750068664,0.5376000612974167,0.06506846845149994,-15,0.0,0.484965305148945,QAT CANDIDATE
27,features/features.6/block/block.3/block.3.0/Conv,/features/features.6/block/block.3/block.3.0/Conv,230,features.6,Conv,project_conv,9600,0.004215219468560463,0.005167789953591539,0.9999671360685262,per-channel,0.8484376859664917,1.1475704944133758,0.5381721431016921,0.1769534796476364,-51,0.0,0.48473771554561795,QAT CANDIDATE
28,features/features.6/Add,/features/features.6/Add,231,features.6,Add,residual_add,0,0.0,0.0,1.0,N/A,1.3072548747062682,1.6812397050857544,0.5519219678640366,0.1769534796476364,-51,0.0,0.47923121285438536,QAT CANDIDATE
29,features/features.5/block/block.2/avgpool/GlobalAveragePool,/features/features.5/block/block.2/avgpool/GlobalAveragePool,204,features.5,GlobalAveragePool,se_pool,0,0.0,0.0,1.0,N/A,0.21386563003063203,0.39489343762397766,0.5544151681661605,0.06491270661354065,-122,0.0,0.47823393273353576,QAT CANDIDATE
30,avgpool/GlobalAveragePool,/avgpool/GlobalAveragePool,337,avgpool,GlobalAveragePool,global_pool,0,0.0,0.0,1.0,N/A,0.42911575198173524,0.6413318735361099,0.5561346048116684,0.029773004353046417,-116,0.0001388888888888889,0.4775600469642215,QAT CANDIDATE
31,features/features.5/Add,/features/features.5/Add,211,features.5,Add,residual_add,0,0.0,0.0,1.0,N/A,0.94650470495224,1.2179193079471589,0.5572253453731537,0.07991910725831985,-16,0.0,0.4771098618507385,QAT CANDIDATE
32,features/features.9/block/block.0/block.0.2/Mul,/features/features.9/block/block.0/block.0.2/Mul,276,features.9,Mul,hardswish,0,0.0,0.0,1.0,N/A,0.16941040590405465,0.3231266462802887,0.6388042491674423,0.06183137744665146,-122,0.3237706163194444,0.4768553619649675,QAT CANDIDATE
33,features/features.5/block/block.0/block.0.2/Mul,/features/features.5/block/block.0/block.0.2/Mul,197,features.5,Mul,hardswish,0,0.0,0.0,1.0,N/A,0.18733584851026536,0.3842110860347748,0.5805295884609223,0.03750721365213394,-118,0.0776875,0.4755569146156311,QAT CANDIDATE
34,features/features.4/block/block.2/fc2/Conv,/features/features.4/block/block.2/fc2/Conv,187,features.4,Conv,se_fc2,2304,0.014000122620952266,0.0803148206050631,0.9999999526782071,per-channel,0.41531706511974337,0.5863655161857605,0.5815055871009827,0.0043188720010221004,-105,0.0,0.46739777462396553,QAT CANDIDATE
35,features/features.12/features.12.0/Conv,/features/features.12/features.12.0/Conv,331,features.12,Conv,conv,55296,0.0011431464522449455,0.001366208959355696,0.9999754915243735,per-channel,1.827784149646759,2.369602134227753,0.5827798253297806,0.19395184516906738,-4,0.0,0.4668929715632131,QAT CANDIDATE
36,features/features.10/block/block.2/avgpool/GlobalAveragePool,/features/features.10/block/block.2/avgpool/GlobalAveragePool,303,features.10,GlobalAveragePool,se_pool,0,0.0,0.0,1.0,N/A,0.182254142165184,0.2809279045462608,0.5845401096343994,0.0138080520555377,-101,0.0067708333333333336,0.4668610394795736,QAT CANDIDATE
37,features/features.4/block/block.3/block.3.0/Conv,/features/features.4/block/block.3/block.3.0/Conv,191,features.4,Conv,project_conv,3840,0.00140587183216212,0.0016816936184957587,0.9999704287156707,per-channel,0.7491314280033111,0.9671374487876893,0.5888335347175598,0.046887610107660294,-16,3.125e-05,0.46447562536984194,QAT CANDIDATE
38,features/features.5/block/block.2/activation/Relu,/features/features.5/block/block.2/activation/Relu,205,features.5,Conv,se_fc1,15360,0.0017211071181889063,0.002255696868986044,0.9999005108992698,per-channel,0.48366294503211976,0.7377416968345643,0.7129647833108902,0.03214769810438156,-128,0.4578125,0.46061523449578995,QAT CANDIDATE
39,features/features.11/block/block.2/activation/Relu,/features/features.11/block/block.2/activation/Relu,324,features.11,Conv,se_fc1,82944,0.0008898686347346462,0.0010930298339185854,0.9999426392456803,per-channel,0.2720213261246681,0.45763262957334516,0.7348244190216064,0.022008167579770088,-128,0.5413888888888889,0.46022059343111027,QAT CANDIDATE
40,classifier/classifier.3/Gemm,/classifier/classifier.3/Gemm,348,classifier,Gemm,classifier_fc,10240,0.00010977228199516853,0.00012670832183088302,0.9999816585631847,per-channel,1.0823460412025452,1.3640031391382217,0.5999630939215421,0.039348602294921875,-19,0.0,0.46001843071874626,MIXED-PRECISION CANDIDATE
41,features/features.7/block/block.0/block.0.2/Mul,/features/features.7/block/block.0/block.0.2/Mul,237,features.7,Mul,hardswish,0,0.0,0.0,1.0,N/A,0.21990104407072067,0.44077222466468813,0.631308621764183,0.038336217403411865,-118,0.061622395833333336,0.4536387908776601,QAT CANDIDATE
42,features/features.10/block/block.2/activation/Relu,/features/features.10/block/block.2/activation/Relu,304,features.10,Conv,se_fc1,82944,0.000976991851804561,0.001231098144565382,0.9999199459976075,per-channel,0.24708662793040276,0.41552926152944564,0.768876861333847,0.017395179718732834,-128,0.5640277777777778,0.44886804404471753,SELECTIVE FP16 / MIXED-PRECISION
43,features/features.10/block/block.2/Mul,/features/features.10/block/block.2/Mul,308,features.10,Mul,se_gate,0,0.0,0.0,1.0,N/A,0.0452269708737731,0.08206174977123737,0.6283786135911942,0.023945428431034088,-112,0.0,0.4486485545635223,MIXED-PRECISION CANDIDATE
44,features/features.11/block/block.1/block.1.0/Conv,/features/features.11/block/block.1/block.1.0/Conv,317,features.11,Conv,depthwise_conv,14400,0.005961836251033724,0.009224674771568167,0.9999607120997874,per-channel,0.6204222691059113,0.8754236590862274,0.6291516125202179,0.10230528563261032,-26,0.0,0.4483472125719553,MIXED-PRECISION CANDIDATE
45,features/features.10/block/block.0/block.0.2/Mul,/features/features.10/block/block.0/block.0.2/Mul,296,features.10,Mul,hardswish,0,0.0,0.0,1.0,N/A,0.11673093095421791,0.1920219527184963,0.650047373175621,0.03691910579800606,-118,0.07221137152777778,0.44720218788252936,QAT CANDIDATE
46,features/features.11/block/block.0/block.0.2/Mul,/features/features.11/block/block.0/block.0.2/Mul,316,features.11,Mul,hardswish,0,0.0,0.0,1.0,N/A,0.14603932797908784,0.2350790011882782,0.678604975938797,0.02485767751932144,-113,0.16068793402777778,0.444626803027259,QAT CANDIDATE
47,features/features.6/block/block.0/block.0.2/Mul,/features/features.6/block/block.0/block.0.2/Mul,217,features.6,Mul,hardswish,0,0.0,0.0,1.0,N/A,0.13157730281352997,0.23406343460083007,0.6592900288105011,0.025041038170456886,-113,0.052247395833333335,0.4415087280591329,QAT CANDIDATE
48,features/features.3/Add,/features/features.3/Add,171,features.3,Add,residual_add,0,0.0,0.0,1.0,N/A,1.1300367796421051,1.5024997639656066,0.649739779829979,0.09963767230510712,12,4.8828125e-05,0.4401089708805084,QAT CANDIDATE
49,features/features.6/block/block.2/Mul,/features/features.6/block/block.2/Mul,229,features.6,Mul,se_gate,0,0.0,0.0,1.0,N/A,0.06844324104487896,0.12138230919837951,0.6508497011661529,0.01834917441010475,-108,0.0026796875,0.4399280882835388,MIXED-PRECISION CANDIDATE
50,features/features.9/block/block.1/block.1.2/Mul,/features/features.9/block/block.1/block.1.2/Mul,283,features.9,Mul,hardswish,0,0.0,0.0,1.0,N/A,0.27277387261390684,0.453646611571312,0.6638997471332551,0.04642673209309578,-120,0.04725694444444444,0.4391657955911424,QAT CANDIDATE
51,features/features.5/block/block.1/block.1.0/Conv,/features/features.5/block/block.1/block.1.0/Conv,198,features.5,Conv,depthwise_conv,6000,0.012658477739695324,0.020161291666977936,0.999952455176712,per-channel,0.7729348170757294,1.1962041342258454,0.6632918381690979,0.19050316512584686,-27,2.2135416666666668e-05,0.4346949872386851,MIXED-PRECISION CANDIDATE
52,features/features.8/block/block.0/block.0.2/Mul,/features/features.8/block/block.0/block.0.2/Mul,256,features.8,Mul,hardswish,0,0.0,0.0,1.0,N/A,0.13827193200588225,0.2571890631318092,0.6837358796596527,0.039340291172266006,-118,0.037194010416666666,0.4302250491778056,QAT CANDIDATE
53,features/features.5/block/block.2/Mul,/features/features.5/block/block.2/Mul,209,features.5,Mul,se_gate,0,0.0,0.0,1.0,N/A,0.060618001744151113,0.11249400943517684,0.674973104596138,0.025162475183606148,-113,0.0,0.43001075816154477,MIXED-PRECISION CANDIDATE
54,features/features.6/block/block.1/block.1.0/Conv,/features/features.6/block/block.1/block.1.0/Conv,218,features.6,Conv,depthwise_conv,6000,0.012640900949641945,0.019194937095240134,0.9999605058884351,per-channel,0.7154408442974091,1.0456563448905944,0.6766168266534806,0.12285390496253967,-21,7.8125e-06,0.42936194941092076,MIXED-PRECISION CANDIDATE
55,features/features.10/block/block.1/block.1.0/Conv,/features/features.10/block/block.1/block.1.0/Conv,297,features.10,Conv,depthwise_conv,14400,0.01021231067860059,0.01442789544164542,0.9999597092374637,per-channel,0.6460901975631714,0.8910644823312759,0.6776003402471542,0.08365601301193237,-10,0.0,0.42896792205364553,MIXED-PRECISION CANDIDATE
56,features/features.5/block/block.0/block.0.0/Conv,/features/features.5/block/block.0/block.0.0/Conv,192,features.5,Conv,expand_conv,9600,0.0005074965298961942,0.0007868230780985869,0.9999781506370969,per-channel,0.440198814868927,0.7270543193817138,0.679652333855629,0.082350954413414,15,1.8229166666666668e-05,0.4281452592469957,QAT CANDIDATE
57,features/features.7/block/block.1/block.1.2/Mul,/features/features.7/block/block.1/block.1.2/Mul,243,features.7,Mul,hardswish,0,0.0,0.0,1.0,N/A,0.41196483612060547,0.6932306385040283,0.7090138584375382,0.11816635727882385,-125,0.09425520833333334,0.42581997745831807,SELECTIVE FP16 / MIXED-PRECISION
58,features/features.7/block/block.0/block.0.0/Conv,/features/features.7/block/block.0/block.0.0/Conv,232,features.7,Conv,expand_conv,4800,0.00034512598531804883,0.0005391908066324096,0.9999765518907393,per-channel,0.4985067546367645,0.8283463668823242,0.6898384058475494,0.1054588109254837,38,2.6041666666666666e-06,0.42406958769949904,QAT CANDIDATE
59,features/features.6/block/block.2/avgpool/GlobalAveragePool,/features/features.6/block/block.2/avgpool/GlobalAveragePool,224,features.6,GlobalAveragePool,se_pool,0,0.0,0.0,1.0,N/A,0.1641965962946415,0.28093831390142443,0.7007857370376587,0.029112551361322403,-115,8.333333333333333e-05,0.41969403851826986,SELECTIVE FP16 / MIXED-PRECISION
60,features/features.3/block/block.2/block.2.0/Conv,/features/features.3/block/block.2/block.2.0/Conv,170,features.3,Conv,project_conv,2112,0.0017402516406364104,0.002497912118813027,0.9999725045435502,per-channel,0.6655534559488296,0.9646247565746308,0.7166031622886657,0.10045789927244186,11,3.255208333333333e-05,0.41336748938415696,SELECTIVE FP16 / MIXED-PRECISION
61,features/features.9/block/block.2/activation/Relu,/features/features.9/block/block.2/activation/Relu,285,features.9,Conv,se_fc1,20736,0.0011464482982216733,0.00141147719596513,0.9999378052737564,per-channel,0.3066102796792984,0.47305237501859665,0.8210732018947602,0.015184802003204823,-128,0.41583333333333333,0.41316649152067797,SELECTIVE FP16 / MIXED-PRECISION
62,features/features.8/block/block.1/block.1.0/Conv,/features/features.8/block/block.1/block.1.0/Conv,257,features.8,Conv,depthwise_conv,3600,0.010213294731522386,0.015538766545378575,0.9999591268577191,per-channel,0.5977187770605087,0.8444337785243988,0.7179044806957244,0.0961756706237793,-29,1.953125e-05,0.41284833547516636,SELECTIVE FP16 / MIXED-PRECISION
63,features/features.7/block/block.1/block.1.0/Conv,/features/features.7/block/block.1/block.1.0/Conv,238,features.7,Conv,depthwise_conv,3000,0.012454348091695768,0.02097880514898844,0.999944179035042,per-channel,0.661718693971634,0.9746487200260162,0.7192490655183792,0.17731687426567078,-41,0.0,0.41231153798563996,SELECTIVE FP16 / MIXED-PRECISION
64,features/features.9/block/block.1/block.1.0/Conv,/features/features.9/block/block.1/block.1.0/Conv,278,features.9,Conv,depthwise_conv,7200,0.0024526912753976325,0.004558474293880048,0.9999868072751431,per-channel,0.4594716128706932,0.6780620259046555,0.7267128694057464,0.09681963920593262,9,0.0,0.4093174907826728,SELECTIVE FP16 / MIXED-PRECISION
65,features/features.2/block/block.2/block.2.0/Conv,/features/features.2/block/block.2/block.2.0/Conv,167,features.2,Conv,project_conv,1728,0.001888912403429148,0.002395358593413105,0.9999602948595401,per-channel,0.8229818505048752,1.1449786281585694,0.7309536975622177,0.12651516497135162,34,0.0006998697916666667,0.40769644898237156,SELECTIVE FP16 / MIXED-PRECISION
66,features/features.6/block/block.2/activation/Relu,/features/features.6/block/block.2/activation/Relu,225,features.6,Conv,se_fc1,15360,0.0014825881831668109,0.0018774867925567173,0.9999082590636785,per-channel,0.29775097280740737,0.4369122117757797,0.83293417096138,0.0156729593873024,-128,0.3621875,0.4030634298027123,SELECTIVE FP16 / MIXED-PRECISION
67,features/features.4/block/block.0/block.0.2/Mul,/features/features.4/block/block.0/block.0.2/Mul,177,features.4,Mul,hardswish,0,0.0,0.0,1.0,N/A,0.47000801980495455,0.8357430446147919,0.7634198641777039,0.06638796627521515,-122,0.07281982421875,0.40191403675079346,SELECTIVE FP16 / MIXED-PRECISION
68,features/features.8/block/block.2/Mul,/features/features.8/block/block.2/Mul,268,features.8,Mul,se_gate,0,0.0,0.0,1.0,N/A,0.05364165551960468,0.09125447273254395,0.7466478037834168,0.010336277075111866,-92,4.340277777777778e-06,0.4013413125144111,SELECTIVE FP16 / MIXED-PRECISION
69,features/features.1/block/block.2/block.2.0/Conv,/features/features.1/block/block.2/block.2.0/Conv,163,features.1,Conv,project_conv,256,0.00619268017385366,0.007632933588136673,0.9999765325338106,per-channel,0.7163692086935043,1.1289358431100844,0.7510288274288177,0.0907554179430008,13,0.0006787109375,0.3996610336154608,SELECTIVE FP16 / MIXED-PRECISION
70,features/features.7/block/block.2/activation/Relu,/features/features.7/block/block.2/activation/Relu,245,features.7,Conv,se_fc1,3840,0.0007355171003880764,0.0018606778380380019,0.9998977780247267,per-channel,0.04550714464858174,0.16450712595134973,0.9816590166091919,0.02497209422290325,-128,0.916875,0.39904433775137793,SELECTIVE FP16 / MIXED-PRECISION
71,features/features.8/block/block.2/avgpool/GlobalAveragePool,/features/features.8/block/block.2/avgpool/GlobalAveragePool,263,features.8,GlobalAveragePool,se_pool,0,0.0,0.0,1.0,N/A,0.11745230123400688,0.18711886093020438,0.7526163339614869,0.012040951289236546,-97,0.0,0.39895346641540524,SELECTIVE FP16 / MIXED-PRECISION
72,features/features.8/block/block.0/block.0.0/Conv,/features/features.8/block/block.0/block.0.0/Conv,251,features.8,Conv,expand_conv,6912,0.00032899199269926713,0.0004771436822591221,0.9999810251812163,per-channel,0.3216185402870178,0.5103150123357773,0.7555164992809296,0.06582652032375336,-20,2.170138888888889e-06,0.3977974122652738,SELECTIVE FP16 / MIXED-PRECISION
73,features/features.4/block/block.0/block.0.0/Conv,/features/features.4/block/block.0/block.0.0/Conv,172,features.4,Conv,expand_conv,2304,0.0008762667523648639,0.001279010312265756,0.9999709520737785,per-channel,0.8376686811447144,1.2281236457824707,0.7577953684329987,0.11598096042871475,-16,4.638671875e-05,0.39689230088391986,SELECTIVE FP16 / MIXED-PRECISION
74,features/features.10/block/block.0/block.0.0/Conv,/features/features.10/block/block.0/block.0.0/Conv,291,features.10,Conv,expand_conv,55296,0.00037215761319410505,0.0005402435849885158,0.9999777027201057,per-channel,0.301957975924015,0.46352178454399107,0.7747292566299439,0.06188449636101723,-19,0.0,0.3901127568040013,SELECTIVE FP16 / MIXED-PRECISION
75,features/features.2/block/block.1/block.1.2/Relu,/features/features.2/block/block.1/block.1.2/Relu,166,features.2,Conv,depthwise_conv,648,0.0042566762722232995,0.007954105566011073,0.9999914933948226,per-channel,0.2581660231947899,0.499120714366436,0.8796430706977845,0.06291358172893524,-128,0.41662760416666667,0.38980723345858836,SELECTIVE FP16 / MIXED-PRECISION
76,features/features.6/block/block.0/block.0.0/Conv,/features/features.6/block/block.0/block.0.0/Conv,212,features.6,Conv,expand_conv,9600,0.0003020593018040311,0.00044040800639406414,0.9999815061753472,per-channel,0.34990140855312346,0.5641559618711471,0.7755650806427002,0.07841385155916214,50,1.4322916666666666e-05,0.3897790987995171,SELECTIVE FP16 / MIXED-PRECISION
77,features/features.9/block/block.2/avgpool/GlobalAveragePool,/features/features.9/block/block.2/avgpool/GlobalAveragePool,284,features.9,GlobalAveragePool,se_pool,0,0.0,0.0,1.0,N/A,0.18659815609455108,0.2831576973199844,0.7840651571750641,0.015527484007179737,-104,0.00375,0.3867489371299744,SELECTIVE FP16 / MIXED-PRECISION
78,features/features.7/block/block.2/Mul,/features/features.7/block/block.2/Mul,249,features.7,Mul,se_gate,0,0.0,0.0,1.0,N/A,0.3008180132508278,0.4713034999370575,0.7992182195186615,0.0872303694486618,-124,0.0486328125,0.38517599344253545,SELECTIVE FP16 / MIXED-PRECISION
79,features/features.9/block/block.0/block.0.0/Conv,/features/features.9/block/block.0/block.0.0/Conv,271,features.9,Conv,expand_conv,13824,0.0004967515436979765,0.000658216716771409,0.9999787245066522,per-channel,0.5805591410398483,0.8104157781600952,0.8017952144145966,0.09679502993822098,-32,2.170138888888889e-06,0.37928638634671985,SELECTIVE FP16 / MIXED-PRECISION
80,features/features.3/block/block.0/block.0.2/Relu,/features/features.3/block/block.0/block.0.2/Relu,168,features.3,Conv,expand_conv,2112,0.00041577217975642065,0.0006195552457570455,0.9999714843892817,per-channel,0.13997051522135734,0.24464992940425873,0.9163025283813476,0.02419109083712101,-128,0.40474076704545453,0.37395876847415005,SELECTIVE FP16 / MIXED-PRECISION
81,features/features.2/block/block.0/block.0.2/Relu,/features/features.2/block/block.0/block.0.2/Relu,164,features.2,Conv,expand_conv,1152,0.000589154270146434,0.0009218959207014219,0.9999815826120597,per-channel,0.18994368389248847,0.40507591754198075,0.8933853101730347,0.05752169340848923,-128,0.31137532552083336,0.3737870919604575,SELECTIVE FP16 / MIXED-PRECISION
82,features/features.3/block/block.1/block.1.2/Relu,/features/features.3/block/block.1/block.1.2/Relu,169,features.3,Conv,depthwise_conv,792,0.003087029214431882,0.004994996031710079,0.9999842228974645,per-channel,0.12538666307926177,0.2530931109189987,0.9403976082801819,0.030258120968937874,-128,0.4989284446022727,0.3737369565686616,SELECTIVE FP16 / MIXED-PRECISION
83,features/features.11/block/block.0/block.0.0/Conv,/features/features.11/block/block.0/block.0.0/Conv,311,features.11,Conv,expand_conv,55296,0.00044264129804907595,0.0005589807841845769,0.9999779993105913,per-channel,0.5095115339756012,0.6924817460775375,0.8165369260311127,0.05433351919054985,17,0.0,0.37338962972543666,SELECTIVE FP16 / MIXED-PRECISION
84,features/features.9/block/block.2/Mul,/features/features.9/block/block.2/Mul,289,features.9,Mul,se_gate,0,0.0,0.0,1.0,N/A,0.07682935118675233,0.114078369140625,0.8197458910942078,0.010496241971850395,-92,0.0,0.3721016435623169,SELECTIVE FP16 / MIXED-PRECISION
85,features/features.8/block/block.2/activation/Relu,/features/features.8/block/block.2/activation/Relu,264,features.8,Conv,se_fc1,5760,0.0013522671356592279,0.0016905139604831924,0.9999455087044742,per-channel,0.24978234529495238,0.3337966634333134,0.8932219064235687,0.011323864571750164,-128,0.1845,0.3611721356896777,SELECTIVE FP16 / MIXED-PRECISION
86,features/features.4/block/block.1/block.1.0/Conv,/features/features.4/block/block.1/block.1.0/Conv,179,features.4,Conv,depthwise_conv,2400,0.0031557886763948773,0.008189250571558948,0.9999789431572361,per-channel,0.7186339694261551,1.121542729139328,0.8542357552051544,0.13318346440792084,-27,5.208333333333334e-05,0.3583151176198244,SELECTIVE FP16 / MIXED-PRECISION
87,features/features.7/block/block.2/fc2/Conv,/features/features.7/block/block.2/fc2/Conv,246,features.7,Conv,se_fc2,3840,0.029837226526316072,0.10724051869393234,0.9999873246769854,per-channel,1.6558260464668273,1.7912087559700012,0.9074078357219696,0.00596799748018384,-41,0.1885,0.35588940077581505,SELECTIVE FP16 / MIXED-PRECISION
88,features/features.4/block/block.1/block.1.2/Mul,/features/features.4/block/block.1/block.1.2/Mul,184,features.4,Mul,hardswish,0,0.0,0.0,1.0,N/A,0.5408347517251968,0.8729848444461823,0.8754655802249909,0.08183810114860535,-123,0.02828125,0.35264189291000364,SELECTIVE FP16 / MIXED-PRECISION
89,features/features.7/block/block.2/avgpool/GlobalAveragePool,/features/features.7/block/block.2/avgpool/GlobalAveragePool,244,features.7,GlobalAveragePool,se_pool,0,0.0,0.0,1.0,N/A,0.20669244468212128,0.3167158690094948,0.8976881968975067,0.020777350291609764,-110,0.0,0.3409247212409973,SELECTIVE FP16 / MIXED-PRECISION
90,features/features.4/block/block.2/Mul,/features/features.4/block/block.2/Mul,190,features.4,Mul,se_gate,0,0.0,0.0,1.0,N/A,0.27663417518138883,0.40992955327034,0.9061000430583954,0.029055485501885414,-116,0.0,0.33755998277664184,SELECTIVE FP16 / MIXED-PRECISION
91,features/features.1/block/block.0/block.0.2/Relu,/features/features.1/block/block.0/block.0.2/Relu,156,features.1,Conv,depthwise_conv,144,0.007778525175025506,0.016721615970745635,0.9999918647048889,per-channel,0.23224443405866624,0.5441609993577003,0.9397618758678437,0.06572616100311279,-128,0.10728759765625,0.33482563647750974,SELECTIVE FP16 / MIXED-PRECISION
92,features/features.4/block/block.2/avgpool/GlobalAveragePool,/features/features.4/block/block.2/avgpool/GlobalAveragePool,185,features.4,GlobalAveragePool,se_pool,0,0.0,0.0,1.0,N/A,0.39009581118822095,0.6458095586299897,0.9202857112884522,0.05271052196621895,-121,0.00020833333333333335,0.3319065488179525,SELECTIVE FP16 / MIXED-PRECISION
93,features/features.1/block/block.1/Mul,/features/features.1/block/block.1/Mul,162,features.1,Mul,se_gate,0,0.0,0.0,1.0,N/A,0.11370109647512436,0.25125988766551016,0.9598363411426544,0.02492140606045723,-128,0.10733642578125,0.3267991061210632,SELECTIVE FP16 / MIXED-PRECISION
94,features/features.1/block/block.1/avgpool/GlobalAveragePool,/features/features.1/block/block.1/avgpool/GlobalAveragePool,157,features.1,GlobalAveragePool,se_pool,0,0.0,0.0,1.0,N/A,0.11597243405878543,0.19039856970310212,0.9891781103610993,0.01377858966588974,-128,0.005,0.3048287558555603,SELECTIVE FP16 / MIXED-PRECISION
95,features/features.0/features.0.2/Mul,/features/features.0/features.0.2/Mul,154,features.0,Mul,hardswish,0,0.0,0.0,1.0,N/A,0.19589786291122435,0.27919165790081024,0.9964835619926453,0.2667642831802368,-127,0.0523193359375,0.22694213366402696,KEEP INT8
96,features/features.4/block/block.2/activation/Relu,/features/features.4/block/block.2/activation/Relu,186,features.4,Conv,se_fc1,2304,0.0002402121526912025,0.0013928914820450283,0.9998899420580553,per-channel,0.0026001034677028655,0.01273785412311554,1.0,0.012664221227169037,-128,1.0,0.16161043758742016,KEEP INT8
97,features/features.0/features.0.0/Conv,/features/features.0/features.0.0/Conv,149,features.0,Conv,stem_conv,432,0.019477204865762796,0.05126101383331324,0.9999824900191981,per-channel,0.1717656546831131,0.20880332469940185,0.9972279453277588,0.6410934329032898,21,1.8310546875e-06,0.08149020760282427,KEEP INT8
98,features/features.1/block/block.1/activation/Relu,/features/features.1/block/block.1/activation/Relu,158,features.1,Conv,se_fc1,128,7.145138604303961e-07,2.371784155816076e-06,0.9999869630628546,per-channel,0.0,0.0,1.0,7.84313680668447e-09,0,0.0,2.607387429076624e-06,KEEP INT8
